model_id,timestep,time_myr,deflection,sharpness
plume_lnk15_Ha274_d5mm_060ppm,0,0.0,927.09375,-825.0
plume_lnk15_Ha274_d5mm_060ppm,5,5.005,14044.7109375,-7378.7890625
plume_lnk15_Ha274_d5mm_060ppm,10,10.0237,-14092.96875,-4299.484375
plume_lnk15_Ha274_d5mm_060ppm,15,15.009,-12284.046875,-4035.671875
plume_lnk15_Ha274_d5mm_060ppm,20,20.0017,-11856.609375,-4355.28125
plume_lnk15_Ha274_d5mm_060ppm,25,25.0287,-12004.53125,-4253.875
plume_lnk15_Ha274_d5mm_060ppm,30,30.0054,-12018.65625,-4236.984375
plume_lnk15_Ha274_d5mm_060ppm,35,35.0249,-12035.953125,-4216.21875
plume_lnk15_Ha274_d5mm_060ppm,40,40.0166,-12026.484375,-4213.859375
plume_lnk15_Ha274_d5mm_060ppm,45,45.0145,-11993.65625,-4228.953125
plume_lnk15_Ha274_d5mm_060ppm,50,50.0175,-11931.921875,-4266.765625
plume_lnk15_Ha274_d5mm_060ppm,55,55.0254,-11839.3125,-4330.203125
plume_lnk15_Ha274_d5mm_060ppm,60,60.0033,-11714.59375,-4421.71875
plume_lnk15_Ha274_d5mm_060ppm,65,65.0204,-11557.046875,-4542.875
plume_lnk15_Ha274_d5mm_060ppm,70,70.006,-11369.828125,-4692.546875
plume_lnk15_Ha274_d5mm_060ppm,75,75.0298,-11343.75,-4680.296875
plume_lnk15_Ha274_d5mm_060ppm,80,80.0218,-11343.75,-4642.78125
plume_lnk15_Ha274_d5mm_060ppm,85,85.0166,-11343.75,-4125.0
plume_lnk15_Ha274_d5mm_060ppm,90,90.014,-11343.75,-4125.0
plume_lnk15_Ha274_d5mm_060ppm,95,95.0132,-11343.75,-4125.0
plume_lnk15_Ha274_d5mm_060ppm,100,100.0,-11343.75,-4125.0
plume_lnk16_Ha274_d5mm_060ppm,0,0.0,927.09375,-825.0
plume_lnk16_Ha274_d5mm_060ppm,5,5.005,19557.359375,-11451.5078125
plume_lnk16_Ha274_d5mm_060ppm,10,10.0285,-10027.0625,-7215.734375
plume_lnk16_Ha274_d5mm_060ppm,15,15.0242,-9609.140625,-6184.25
plume_lnk16_Ha274_d5mm_060ppm,20,20.032,-8929.46875,-6509.828125
plume_lnk16_Ha274_d5mm_060ppm,25,25.0046,-9195.5625,-6397.828125
plume_lnk16_Ha274_d5mm_060ppm,30,30.0257,-9213.328125,-6255.421875
plume_lnk16_Ha274_d5mm_060ppm,35,35.02,-9255.625,-6213.125
plume_lnk16_Ha274_d5mm_060ppm,40,40.0198,-9279.8125,-6188.9375
plume_lnk16_Ha274_d5mm_060ppm,45,45.0254,-9281.25,-6264.34375
plume_lnk16_Ha274_d5mm_060ppm,50,50.0015,-9281.25,-6231.484375
plume_lnk16_Ha274_d5mm_060ppm,55,55.0168,-9263.0,-6207.8125
plume_lnk16_Ha274_d5mm_060ppm,60,60.0011,-9218.796875,-6249.953125
plume_lnk16_Ha274_d5mm_060ppm,65,65.0244,-9153.515625,-6315.234375
plume_lnk16_Ha274_d5mm_060ppm,70,70.0166,-9069.0625,-6399.6875
plume_lnk16_Ha274_d5mm_060ppm,75,75.0116,-8966.3125,-6502.4375
plume_lnk16_Ha274_d5mm_060ppm,80,80.0091,-8846.796875,-6621.953125
plume_lnk16_Ha274_d5mm_060ppm,85,85.0091,-8715.234375,-6753.515625
plume_lnk16_Ha274_d5mm_060ppm,90,90.0114,-8577.328125,-6891.421875
plume_lnk16_Ha274_d5mm_060ppm,95,95.01591,-8433.140625,-6869.953125
plume_lnk16_Ha274_d5mm_060ppm,100,100.0,-8463.671875,-6830.09375
plume_lnk17_Ha274_d5mm_060ppm,0,0.0,927.09375,-825.0
plume_lnk17_Ha274_d5mm_060ppm,5,5.005,28206.2578125,-17847.0078125
plume_lnk17_Ha274_d5mm_060ppm,10,10.015,25244.9609375,-40189.6171875
plume_lnk17_Ha274_d5mm_060ppm,15,15.0221,-5333.765625,-9507.890625
plume_lnk17_Ha274_d5mm_060ppm,20,20.0329,-3934.015625,-10251.96875
plume_lnk17_Ha274_d5mm_060ppm,25,25.0118,-4254.46875,-10183.03125
plume_lnk17_Ha274_d5mm_060ppm,30,30.0312,-4210.046875,-10193.8125
plume_lnk17_Ha274_d5mm_060ppm,35,35.0236,-4191.3125,-10247.5
plume_lnk17_Ha274_d5mm_060ppm,40,40.0206,-4156.765625,-10280.734375
plume_lnk17_Ha274_d5mm_060ppm,45,45.0222,-4125.0,-10312.5
plume_lnk17_Ha274_d5mm_060ppm,50,50.0282,-4125.0,-10312.5
plume_lnk17_Ha274_d5mm_060ppm,55,55.0037,-4125.0,-10312.5
plume_lnk17_Ha274_d5mm_060ppm,60,60.0179,-4125.0,-10312.5
plume_lnk17_Ha274_d5mm_060ppm,65,65.0001,-4125.0,-10312.5
plume_lnk17_Ha274_d5mm_060ppm,70,70.0202,-4125.0,-10312.5
plume_lnk17_Ha274_d5mm_060ppm,75,75.0082,-4125.0,-10326.25
plume_lnk17_Ha274_d5mm_060ppm,80,80.034,-4125.0,-10314.5625
plume_lnk17_Ha274_d5mm_060ppm,85,85.0272,-4125.0,-10284.8125
plume_lnk17_Ha274_d5mm_060ppm,90,90.0222,-4125.0,-10272.171875
plume_lnk17_Ha274_d5mm_060ppm,95,95.01871,-4125.0,-10259.640625
plume_lnk17_Ha274_d5mm_060ppm,100,100.0,-4125.0,-10252.0625
plume_lnk18_Ha274_D1e06_060ppm,0,0.0,927.09375,-825.0
plume_lnk18_Ha274_D1e06_060ppm,5,5.005,33524.5390625,-21275.875
plume_lnk18_Ha274_D1e06_060ppm,10,10.0005,38902.5546875,-51730.7421875
plume_lnk18_Ha274_D1e06_060ppm,15,15.0171,-1490.59375,-12568.46875
plume_lnk18_Ha274_D1e06_060ppm,20,20.033,742.34375,-13856.046875
plume_lnk18_Ha274_D1e06_060ppm,25,25.0255,155.578125,-13561.828125
plume_lnk18_Ha274_D1e06_060ppm,30,30.0149,212.578125,-13646.359375
plume_lnk18_Ha274_D1e06_060ppm,35,35.0127,223.890625,-13630.140625
plume_lnk18_Ha274_D1e06_060ppm,40,40.0146,246.3125,-13688.828125
plume_lnk18_Ha274_D1e06_060ppm,45,45.0204,275.75,-13713.71875
plume_lnk18_Ha274_D1e06_060ppm,50,50.03,309.921875,-13738.75
plume_lnk18_Ha274_D1e06_060ppm,55,55.0079,0.0,-13415.15625
plume_lnk18_Ha274_D1e06_060ppm,60,60.0248,0.0,-13406.25
plume_lnk18_Ha274_D1e06_060ppm,65,65.0097,425.734375,-13831.984375
plume_lnk18_Ha274_D1e06_060ppm,70,70.0323,463.96875,-13870.21875
plume_lnk18_Ha274_D1e06_060ppm,75,75.0218,500.40625,-13906.65625
plume_lnk18_Ha274_D1e06_060ppm,80,80.013504,534.765625,-13941.015625
plume_lnk18_Ha274_D1e06_060ppm,85,85.0074,566.75,-13973.0
plume_lnk18_Ha274_D1e06_060ppm,90,90.0032,596.21875,-14002.46875
plume_lnk18_Ha274_D1e06_060ppm,95,95.001,623.0625,-14029.3125
plume_lnk18_Ha274_D1e06_060ppm,100,100.0,646.609375,-14052.859375
plume_lnk18_Ha274_D1e08_060ppm,0,0.0,927.09375,-825.0
plume_lnk18_Ha274_D1e08_060ppm,5,5.005,15405.859375,-8368.2109375
plume_lnk18_Ha274_D1e08_060ppm,10,10.0075,-13119.84375,-5068.40625
plume_lnk18_Ha274_D1e08_060ppm,15,15.0197,-11559.703125,-4646.453125
plume_lnk18_Ha274_D1e08_060ppm,20,20.0154,-11185.625,-4873.953125
plume_lnk18_Ha274_D1e08_060ppm,25,25.0107,-11343.75,-4781.296875
plume_lnk18_Ha274_D1e08_060ppm,30,30.0233,-11343.75,-4777.609375
plume_lnk18_Ha274_D1e08_060ppm,35,35.0093,-11343.75,-4774.84375
plume_lnk18_Ha274_D1e08_060ppm,40,40.0017,-11343.75,-4762.546875
plume_lnk18_Ha274_D1e08_060ppm,45,45.0002,-11343.75,-4743.859375
plume_lnk18_Ha274_D1e08_060ppm,50,50.004,-11343.75,-4718.265625
plume_lnk18_Ha274_D1e08_060ppm,55,55.0124,-11343.75,-4686.734375
plume_lnk18_Ha274_D1e08_060ppm,60,60.0255,-11343.75,-4650.390625
plume_lnk18_Ha274_D1e08_060ppm,65,65.0083,-11343.75,-4610.8125
plume_lnk18_Ha274_D1e08_060ppm,70,70.0292,-11316.640625,-4596.234375
plume_lnk18_Ha274_D1e08_060ppm,75,75.01849,-11277.796875,-4190.953125
plume_lnk18_Ha274_D1e08_060ppm,80,80.010704,-11241.5,-4227.25
plume_lnk18_Ha274_D1e08_060ppm,85,85.0058,-11208.484375,-4260.265625
plume_lnk18_Ha274_D1e08_060ppm,90,90.0034,-11179.234375,-4289.515625
plume_lnk18_Ha274_D1e08_060ppm,95,95.003105,-11153.65625,-4562.34375
plume_lnk18_Ha274_D1e08_060ppm,100,100.0,-11167.28125,-4520.625
plume_lnk18_Ha274_D1e10_060ppm,0,0.0,927.09375,-825.0
plume_lnk18_Ha274_D1e10_060ppm,5,5.005,8362.921875,-3160.8828125
plume_lnk18_Ha274_D1e10_060ppm,10,10.0236,-16932.46875,-2641.609375
plume_lnk18_Ha274_D1e10_060ppm,15,15.0302,-14635.046875,-2484.109375
plume_lnk18_Ha274_D1e10_060ppm,20,20.0132,-14566.984375,-2543.796875
plume_lnk18_Ha274_D1e10_060ppm,25,25.034,-14585.640625,-2527.859375
plume_lnk18_Ha274_D1e10_060ppm,30,30.0083,-14596.1875,-2510.5625
plume_lnk18_Ha274_D1e10_060ppm,35,35.025,-14606.34375,-1808.1875
plume_lnk18_Ha274_D1e10_060ppm,40,40.0084,-14601.3125,-1810.859375
plume_lnk18_Ha274_D1e10_060ppm,45,45.0321,-14577.75,-2472.140625
plume_lnk18_Ha274_D1e10_060ppm,50,50.0276,-14552.0,-2468.375
plume_lnk18_Ha274_D1e10_060ppm,55,55.0286,-14437.5,-2509.75
plume_lnk18_Ha274_D1e10_060ppm,60,60.0005,-14437.5,-1961.609375
plume_lnk18_Ha274_D1e10_060ppm,65,65.016,-14437.5,-1956.84375
plume_lnk18_Ha274_D1e10_060ppm,70,70.0323,-14437.5,-1953.375
plume_lnk18_Ha274_D1e10_060ppm,75,75.0153,-14437.5,-2062.5
plume_lnk18_Ha274_D1e10_060ppm,80,80.00111,-14437.5,-2062.5
plume_lnk18_Ha274_D1e10_060ppm,85,85.0238,-14487.453125,-2012.546875
plume_lnk18_Ha274_D1e10_060ppm,90,90.01511,-14497.28125,-2002.71875
plume_lnk18_Ha274_D1e10_060ppm,95,95.0072,-14473.609375,-2026.390625
plume_lnk18_Ha274_D1e10_060ppm,100,100.0,-14437.5,-2062.5
plume_lnk18_Ha274_D1e12_060ppm,0,0.0,927.09375,-825.0
plume_lnk18_Ha274_D1e12_060ppm,5,5.005,6089.8359375,-1529.5625
plume_lnk18_Ha274_D1e12_060ppm,10,10.0186,-17807.78125,-2357.859375
plume_lnk18_Ha274_D1e12_060ppm,15,15.0244,-15745.65625,-2376.640625
plume_lnk18_Ha274_D1e12_060ppm,20,20.0087,-16500.0,-1031.25
plume_lnk18_Ha274_D1e12_060ppm,25,25.0086,-15743.71875,-2378.390625
plume_lnk18_Ha274_D1e12_060ppm,30,30.0259,-16500.0,-1885.6875
plume_lnk18_Ha274_D1e12_060ppm,35,35.0151,-16500.0,-2129.4375
plume_lnk18_Ha274_D1e12_060ppm,40,40.01,-16500.0,-2132.703125
plume_lnk18_Ha274_D1e12_060ppm,45,45.0111,-16500.0,-2137.46875
plume_lnk18_Ha274_D1e12_060ppm,50,50.0253,-16500.0,-2131.0
plume_lnk18_Ha274_D1e12_060ppm,55,55.0145,-15468.75,-1031.25
plume_lnk18_Ha274_D1e12_060ppm,60,60.0069,-16500.0,-2151.921875
plume_lnk18_Ha274_D1e12_060ppm,65,65.0033,-15468.75,-1031.25
plume_lnk18_Ha274_D1e12_060ppm,70,70.0056,-14809.328125,-3819.8125
plume_lnk18_Ha274_D1e12_060ppm,75,75.0114,-14437.5,-2024.03125
plume_lnk18_Ha274_D1e12_060ppm,80,80.0225,-14804.421875,-3811.765625
plume_lnk18_Ha274_D1e12_060ppm,85,85.03249,-14437.5,-2026.125
plume_lnk18_Ha274_D1e12_060ppm,90,90.011,-14437.5,-2026.0
plume_lnk18_Ha274_D1e12_060ppm,95,95.0322,-14813.15625,-3754.171875
plume_lnk18_Ha274_D1e12_060ppm,100,100.0,-15694.5625,-2867.9375
plume_lnk18_Ha274_d1cm_060ppm,0,0.0,927.09375,-825.0
plume_lnk18_Ha274_d1cm_060ppm,5,5.005,34704.984375,-17498.2890625
plume_lnk18_Ha274_d1cm_060ppm,10,10.0099,55982.8046875,-63527.1953125
plume_lnk18_Ha274_d1cm_060ppm,15,15.0071,9281.25,-21163.734375
plume_lnk18_Ha274_d1cm_060ppm,20,20.0097,14027.0,-24110.40625
plume_lnk18_Ha274_d1cm_060ppm,25,25.013,12765.7421875,-23501.1171875
plume_lnk18_Ha274_d1cm_060ppm,30,30.0027,12771.4921875,-23454.0703125
plume_lnk18_Ha274_d1cm_060ppm,35,35.0061,12800.65625,-23494.40625
plume_lnk18_Ha274_d1cm_060ppm,40,40.0123,12777.59375,-23490.546875
plume_lnk18_Ha274_d1cm_060ppm,45,45.0218,12776.3046875,-23501.7265625
plume_lnk18_Ha274_d1cm_060ppm,50,50.0343,12777.3515625,-23515.0703125
plume_lnk18_Ha274_d1cm_060ppm,55,55.0129,12783.046875,-23531.25
plume_lnk18_Ha274_d1cm_060ppm,60,60.0303,12793.2578125,-23550.3203125
plume_lnk18_Ha274_d1cm_060ppm,65,65.0136,12807.2109375,-23571.4296875
plume_lnk18_Ha274_d1cm_060ppm,70,70.0356,12824.4453125,-23594.2734375
plume_lnk18_Ha274_d1cm_060ppm,75,75.0234,12843.9765625,-23617.9765625
plume_lnk18_Ha274_d1cm_060ppm,80,80.0133,12865.28125,-23642.203125
plume_lnk18_Ha274_d1cm_060ppm,85,85.005295,12887.625,-23666.453125
plume_lnk18_Ha274_d1cm_060ppm,90,90.0351,12910.6640625,-23690.5078125
plume_lnk18_Ha274_d1cm_060ppm,95,95.02969,12933.609375,-23713.765625
plume_lnk18_Ha274_d1cm_060ppm,100,100.0,12947.7890625,-23729.4140625
plume_lnk18_Ha274_d1mm_060ppm,0,0.0,927.09375,-825.0
plume_lnk18_Ha274_d1mm_060ppm,5,5.005,22527.3828125,-13673.1015625
plume_lnk18_Ha274_d1mm_060ppm,10,10.0315,-7193.65625,-9326.03125
plume_lnk18_Ha274_d1mm_060ppm,15,15.0218,-8250.0,-7185.953125
plume_lnk18_Ha274_d1mm_060ppm,20,20.006,-7341.359375,-7714.265625
plume_lnk18_Ha274_d1mm_060ppm,25,25.0248,-7596.453125,-7627.890625
plume_lnk18_Ha274_d1mm_060ppm,30,30.0206,-7582.265625,-7637.53125
plume_lnk18_Ha274_d1mm_060ppm,35,35.0243,-7586.171875,-7642.0
plume_lnk18_Ha274_d1mm_060ppm,40,40.033,-7573.4375,-7653.5625
plume_lnk18_Ha274_d1mm_060ppm,45,45.0122,-7551.796875,-7669.328125
plume_lnk18_Ha274_d1mm_060ppm,50,50.0314,-7521.1875,-7689.171875
plume_lnk18_Ha274_d1mm_060ppm,55,55.0201,-7483.953125,-7711.703125
plume_lnk18_Ha274_d1mm_060ppm,60,60.0124,-7218.75,-7959.5625
plume_lnk18_Ha274_d1mm_060ppm,65,65.0082,-7218.75,-7940.5625
plume_lnk18_Ha274_d1mm_060ppm,70,70.0076,-7218.75,-7921.0
plume_lnk18_Ha274_d1mm_060ppm,75,75.0102,-7218.75,-7901.875
plume_lnk18_Ha274_d1mm_060ppm,80,80.015,-7218.75,-7883.53125
plume_lnk18_Ha274_d1mm_060ppm,85,85.022,-7218.75,-7866.375
plume_lnk18_Ha274_d1mm_060ppm,90,90.031105,-7218.75,-7850.734375
plume_lnk18_Ha274_d1mm_060ppm,95,95.007,-7218.75,-7836.703125
plume_lnk18_Ha274_d1mm_060ppm,100,100.0,-7218.75,-7828.46875
plume_lnk18_Ha274_d5mm_060ppm,0,0.0,927.09375,-825.0
plume_lnk18_Ha274_d5mm_060ppm,5,5.005,34192.2578125,-20384.171875
plume_lnk18_Ha274_d5mm_060ppm,10,10.0066,44854.5,-56098.796875
plume_lnk18_Ha274_d5mm_060ppm,15,15.0012,1689.3671875,-15117.3828125
plume_lnk18_Ha274_d5mm_060ppm,20,20.0157,4757.5078125,-16922.3671875
plume_lnk18_Ha274_d5mm_060ppm,25,25.0227,3937.171875,-16567.984375
plume_lnk18_Ha274_d5mm_060ppm,30,30.0159,3969.8046875,-16558.7265625
plume_lnk18_Ha274_d5mm_060ppm,35,35.0184,3941.484375,-16541.4375
plume_lnk18_Ha274_d5mm_060ppm,40,40.0249,3915.625,-16521.09375
plume_lnk18_Ha274_d5mm_060ppm,45,45.035,4125.0,-16731.984375
plume_lnk18_Ha274_d5mm_060ppm,50,50.0129,4125.0,-16730.625
plume_lnk18_Ha274_d5mm_060ppm,55,55.0296,4125.0,-16726.03125
plume_lnk18_Ha274_d5mm_060ppm,60,60.0139,4125.0,-16718.53125
plume_lnk18_Ha274_d5mm_060ppm,65,65.0014,4125.0,-16500.0
plume_lnk18_Ha274_d5mm_060ppm,70,70.027504,4125.0,-16500.0
plume_lnk18_Ha274_d5mm_060ppm,75,75.02,4125.0,-16500.0
plume_lnk18_Ha274_d5mm_060ppm,80,80.0144,4125.0,-16500.0
plume_lnk18_Ha274_d5mm_060ppm,85,85.0106,4125.0,-16500.0
plume_lnk18_Ha274_d5mm_060ppm,90,90.0086,4125.0,-16500.0
plume_lnk18_Ha274_d5mm_060ppm,95,95.0082,4125.0,-16500.0
plume_lnk18_Ha274_d5mm_060ppm,100,100.0,4125.0,-16500.0
plume_lnk18_Ha274_d5mm_080ppm,0,0.0,927.09375,-825.0
plume_lnk18_Ha274_d5mm_080ppm,5,5.005,28911.609375,-18342.015625
plume_lnk18_Ha274_d5mm_080ppm,10,10.0213,28604.4609375,-43340.7265625
plume_lnk18_Ha274_d5mm_080ppm,15,15.0332,-4788.59375,-9944.625
plume_lnk18_Ha274_d5mm_080ppm,20,20.0136,-3387.875,-10682.734375
plume_lnk18_Ha274_d5mm_080ppm,25,25.0323,-3838.71875,-10470.09375
plume_lnk18_Ha274_d5mm_080ppm,30,30.0211,-3810.578125,-10492.5
plume_lnk18_Ha274_d5mm_080ppm,35,35.0179,-3819.546875,-10502.34375
plume_lnk18_Ha274_d5mm_080ppm,40,40.0193,-3812.703125,-10521.3125
plume_lnk18_Ha274_d5mm_080ppm,45,45.0253,-3796.78125,-10546.015625
plume_lnk18_Ha274_d5mm_080ppm,50,50.0005,-3772.171875,-10575.28125
plume_lnk18_Ha274_d5mm_080ppm,55,55.0151,-3739.890625,-10608.0
plume_lnk18_Ha274_d5mm_080ppm,60,60.0335,-3702.171875,-10642.15625
plume_lnk18_Ha274_d5mm_080ppm,65,65.0197,-3661.28125,-10676.203125
plume_lnk18_Ha274_d5mm_080ppm,70,70.008705,-3618.390625,-10709.34375
plume_lnk18_Ha274_d5mm_080ppm,75,75.000305,-3575.46875,-10740.4375
plume_lnk18_Ha274_d5mm_080ppm,80,80.02991,-3534.015625,-10768.59375
plume_lnk18_Ha274_d5mm_080ppm,85,85.0268,-3093.75,-11194.921875
plume_lnk18_Ha274_d5mm_080ppm,90,90.025505,-3093.75,-11180.703125
plume_lnk18_Ha274_d5mm_080ppm,95,95.0258,-3093.75,-11166.65625
plume_lnk18_Ha274_d5mm_080ppm,100,100.0,-3093.75,-11156.671875
plume_lnk18_Ha274_d5mm_100ppm,0,0.0,927.09375,-825.0
plume_lnk18_Ha274_d5mm_100ppm,5,5.005,22331.2421875,-13530.5703125
plume_lnk18_Ha274_d5mm_100ppm,10,10.0289,-7379.28125,-9195.4375
plume_lnk18_Ha274_d5mm_100ppm,15,15.0194,-8283.578125,-7172.53125
plume_lnk18_Ha274_d5mm_100ppm,20,20.0027,-7446.234375,-7638.109375
plume_lnk18_Ha274_d5mm_100ppm,25,25.0208,-7707.640625,-7541.09375
plume_lnk18_Ha274_d5mm_100ppm,30,30.016,-7693.140625,-7550.8125
plume_lnk18_Ha274_d5mm_100ppm,35,35.0188,-7697.078125,-7554.5625
plume_lnk18_Ha274_d5mm_100ppm,40,40.0267,-7683.59375,-7566.234375
plume_lnk18_Ha274_d5mm_100ppm,45,45.0051,-7660.796875,-7582.53125
plume_lnk18_Ha274_d5mm_100ppm,50,50.0236,-7628.640625,-7603.328125
plume_lnk18_Ha274_d5mm_100ppm,55,55.0116,-7589.625,-7627.09375
plume_lnk18_Ha274_d5mm_100ppm,60,60.0032,-7545.890625,-7653.015625
plume_lnk18_Ha274_d5mm_100ppm,65,65.0333,-7218.75,-7960.609375
plume_lnk18_Ha274_d5mm_100ppm,70,70.032,-7218.75,-7940.6875
plume_lnk18_Ha274_d5mm_100ppm,75,75.034,-7218.75,-7921.3125
plume_lnk18_Ha274_d5mm_100ppm,80,80.0032,-7218.75,-7902.875
plume_lnk18_Ha274_d5mm_100ppm,85,85.0096,-7218.75,-7885.5625
plume_lnk18_Ha274_d5mm_100ppm,90,90.018,-7218.75,-7869.796875
plume_lnk18_Ha274_d5mm_100ppm,95,95.0284,-7218.75,-7855.59375
plume_lnk18_Ha274_d5mm_100ppm,100,100.0,-7218.75,-7844.90625
plume_lnk18_Ha274_d5mm_120ppm,0,0.0,927.09375,-825.0
plume_lnk18_Ha274_d5mm_120ppm,5,5.005,18149.7421875,-10430.7578125
plume_lnk18_Ha274_d5mm_120ppm,10,10.0092,-11086.15625,-6404.890625
plume_lnk18_Ha274_d5mm_120ppm,15,15.0098,-10349.40625,-5605.859375
plume_lnk18_Ha274_d5mm_120ppm,20,20.0127,-9720.046875,-5955.828125
plume_lnk18_Ha274_d5mm_120ppm,25,25.0151,-9887.515625,-5915.296875
plume_lnk18_Ha274_d5mm_120ppm,30,30.0329,-9860.890625,-5934.875
plume_lnk18_Ha274_d5mm_120ppm,35,35.0238,-9840.671875,-5954.0
plume_lnk18_Ha274_d5mm_120ppm,40,40.0206,-9803.53125,-5977.40625
plume_lnk18_Ha274_d5mm_120ppm,45,45.0231,-9759.390625,-6000.0
plume_lnk18_Ha274_d5mm_120ppm,50,50.0311,-9710.484375,-6018.6875
plume_lnk18_Ha274_d5mm_120ppm,55,55.0085,-9660.640625,-5808.109375
plume_lnk18_Ha274_d5mm_120ppm,60,60.0249,-9611.625,-5857.125
plume_lnk18_Ha274_d5mm_120ppm,65,65.0107,-9565.78125,-6032.984375
plume_lnk18_Ha274_d5mm_120ppm,70,70.0,-9524.0,-6023.203125
plume_lnk18_Ha274_d5mm_120ppm,75,75.027,-9281.25,-6212.703125
plume_lnk18_Ha274_d5mm_120ppm,80,80.0217,-9281.25,-6187.5
plume_lnk18_Ha274_d5mm_120ppm,85,85.019104,-9281.25,-6187.5
plume_lnk18_Ha274_d5mm_120ppm,90,90.0188,-9404.546875,-6064.203125
plume_lnk18_Ha274_d5mm_120ppm,95,95.0208,-9385.34375,-6083.40625
plume_lnk18_Ha274_d5mm_120ppm,100,100.0,-9392.640625,-6076.109375
plume_lnk18_Ha274_d5mm_140ppm,0,0.0,927.09375,-825.0
plume_lnk18_Ha274_d5mm_140ppm,5,5.005,15369.8515625,-8344.1328125
plume_lnk18_Ha274_d5mm_140ppm,10,10.007,-13148.171875,-5045.75
plume_lnk18_Ha274_d5mm_140ppm,15,15.0194,-11577.046875,-4632.671875
plume_lnk18_Ha274_d5mm_140ppm,20,20.0149,-11211.6875,-4852.796875
plume_lnk18_Ha274_d5mm_140ppm,25,25.0101,-11343.75,-4785.546875
plume_lnk18_Ha274_d5mm_140ppm,30,30.0227,-11343.75,-4781.890625
plume_lnk18_Ha274_d5mm_140ppm,35,35.0086,-11343.75,-4779.09375
plume_lnk18_Ha274_d5mm_140ppm,40,40.001,-11343.75,-4766.828125
plume_lnk18_Ha274_d5mm_140ppm,45,45.0342,-11343.75,-4748.015625
plume_lnk18_Ha274_d5mm_140ppm,50,50.0032,-11343.75,-4722.640625
plume_lnk18_Ha274_d5mm_140ppm,55,55.0116,-11343.75,-4691.1875
plume_lnk18_Ha274_d5mm_140ppm,60,60.0247,-11343.75,-4654.9375
plume_lnk18_Ha274_d5mm_140ppm,65,65.0074,-11343.75,-4615.484375
plume_lnk18_Ha274_d5mm_140ppm,70,70.028305,-11343.34375,-4574.34375
plume_lnk18_Ha274_d5mm_140ppm,75,75.0176,-11303.875,-4164.875
plume_lnk18_Ha274_d5mm_140ppm,80,80.0098,-11267.03125,-4201.71875
plume_lnk18_Ha274_d5mm_140ppm,85,85.0049,-11233.5,-4235.25
plume_lnk18_Ha274_d5mm_140ppm,90,90.002495,-11203.828125,-4264.921875
plume_lnk18_Ha274_d5mm_140ppm,95,95.0022,-11177.859375,-4290.890625
plume_lnk18_Ha274_d5mm_140ppm,100,100.0,-11185.15625,-4507.59375
plume_lnk18_Ha300_d5mm_060ppm,0,0.0,927.09375,-825.0
plume_lnk18_Ha300_d5mm_060ppm,5,5.005,34897.9375,-4992.6953125
plume_lnk18_Ha300_d5mm_060ppm,10,10.01,60814.25,-45098.625
plume_lnk18_Ha300_d5mm_060ppm,15,15.014,24339.484375,-32984.640625
plume_lnk18_Ha300_d5mm_060ppm,20,20.0006,32157.875,-38345.375
plume_lnk18_Ha300_d5mm_060ppm,25,25.0025,31968.75,-39002.5625
plume_lnk18_Ha300_d5mm_060ppm,30,30.0159,30860.3203125,-37958.0234375
plume_lnk18_Ha300_d5mm_060ppm,35,35.0371,31112.03125,-38129.046875
plume_lnk18_Ha300_d5mm_060ppm,40,40.0312,31048.4453125,-38099.4296875
plume_lnk18_Ha300_d5mm_060ppm,45,45.0241,31021.1875,-38075.375
plume_lnk18_Ha300_d5mm_060ppm,50,50.0201,31017.8828125,-38076.4296875
plume_lnk18_Ha300_d5mm_060ppm,55,55.0183,31007.3125,-38071.0
plume_lnk18_Ha300_d5mm_060ppm,60,60.0187,31002.1328125,-38069.3359375
plume_lnk18_Ha300_d5mm_060ppm,65,65.0208,31000.203125,-38070.203125
plume_lnk18_Ha300_d5mm_060ppm,70,70.0244,31001.1875,-38073.15625
plume_lnk18_Ha300_d5mm_060ppm,75,75.0294,30937.5,-38010.6875
plume_lnk18_Ha300_d5mm_060ppm,80,80.0357,30937.5,-38011.3125
plume_lnk18_Ha300_d5mm_060ppm,85,85.0055,30937.5,-38011.46875
plume_lnk18_Ha300_d5mm_060ppm,90,90.0142,30937.5,-38011.15625
plume_lnk18_Ha300_d5mm_060ppm,95,95.024,30937.5,-38010.46875
plume_lnk18_Ha300_d5mm_060ppm,100,100.0,30937.5,-38009.875
plume_lnk19_Ha274_d5mm_060ppm,0,0.0,927.09375,-825.0
plume_lnk19_Ha274_d5mm_060ppm,5,5.005,34792.96875,-15742.0234375
plume_lnk19_Ha274_d5mm_060ppm,10,10.01,60198.6015625,-65232.3203125
plume_lnk19_Ha274_d5mm_060ppm,15,15.0323,13736.0859375,-24705.7265625
plume_lnk19_Ha274_d5mm_060ppm,20,20.0171,19236.7890625,-28158.4765625
plume_lnk19_Ha274_d5mm_060ppm,25,25.0007,18035.1875,-27748.5625
plume_lnk19_Ha274_d5mm_060ppm,30,30.02,17919.5703125,-27577.1640625
plume_lnk19_Ha274_d5mm_060ppm,35,35.0182,17997.875,-27643.796875
plume_lnk19_Ha274_d5mm_060ppm,40,40.0195,17968.0625,-27623.578125
plume_lnk19_Ha274_d5mm_060ppm,45,45.0233,17968.625,-27622.453125
plume_lnk19_Ha274_d5mm_060ppm,50,50.0301,17970.5625,-27623.171875
plume_lnk19_Ha274_d5mm_060ppm,55,55.0024,17975.0234375,-27625.1171875
plume_lnk19_Ha274_d5mm_060ppm,60,60.0135,17982.4453125,-27628.8046875
plume_lnk19_Ha274_d5mm_060ppm,65,65.0267,17991.8515625,-27633.5546875
plume_lnk19_Ha274_d5mm_060ppm,70,70.005,18002.734375,-27639.015625
plume_lnk19_Ha274_d5mm_060ppm,75,75.022,18014.7109375,-27644.9921875
plume_lnk19_Ha274_d5mm_060ppm,80,80.004,18027.171875,-27651.078125
plume_lnk19_Ha274_d5mm_060ppm,85,85.0245,18039.96875,-27657.28125
plume_lnk19_Ha274_d5mm_060ppm,90,90.0098,18052.5859375,-27663.2421875
plume_lnk19_Ha274_d5mm_060ppm,95,95.0336,18065.0078125,-27669.0078125
plume_lnk19_Ha274_d5mm_060ppm,100,100.0,18072.09375,-27671.03125
plume_lnk20_Ha274_d5mm_060ppm,0,0.0,927.09375,-825.0
plume_lnk20_Ha274_d5mm_060ppm,5,5.005,34911.125,-3094.984375
plume_lnk20_Ha274_d5mm_060ppm,10,10.01,60808.84375,-36303.453125
plume_lnk20_Ha274_d5mm_060ppm,15,15.0106,32630.2890625,-39332.8515625
plume_lnk20_Ha274_d5mm_060ppm,20,20.0051,41041.71875,-45265.34375
plume_lnk20_Ha274_d5mm_060ppm,25,25.0048,42795.703125,-47656.546875
plume_lnk20_Ha274_d5mm_060ppm,30,30.0058,41002.0390625,-46044.1796875
plume_lnk20_Ha274_d5mm_060ppm,35,35.0285,41250.0,-46189.34375
plume_lnk20_Ha274_d5mm_060ppm,40,40.0294,41250.0,-46210.578125
plume_lnk20_Ha274_d5mm_060ppm,45,45.0282,41214.4609375,-46176.4140625
plume_lnk20_Ha274_d5mm_060ppm,50,50.029,41191.984375,-46150.40625
plume_lnk20_Ha274_d5mm_060ppm,55,55.0322,41160.5703125,-46117.8828125
plume_lnk20_Ha274_d5mm_060ppm,60,60.037,41250.0,-46204.765625
plume_lnk20_Ha274_d5mm_060ppm,65,65.0043,41250.0,-46201.59375
plume_lnk20_Ha274_d5mm_060ppm,70,70.0126,41250.0,-46197.96875
plume_lnk20_Ha274_d5mm_060ppm,75,75.022095,41250.0,-46193.890625
plume_lnk20_Ha274_d5mm_060ppm,80,80.03271,41250.0,-46189.453125
plume_lnk20_Ha274_d5mm_060ppm,85,85.005,41250.0,-46184.8125
plume_lnk20_Ha274_d5mm_060ppm,90,90.0176,41250.0,-46179.953125
plume_lnk20_Ha274_d5mm_060ppm,95,95.0312,41250.0,-46175.0
plume_lnk20_Ha274_d5mm_060ppm,100,100.0,41250.0,-46170.609375
plume_lnk21_Ha274_d5mm_060ppm,0,0.0,927.09375,-825.0
plume_lnk21_Ha274_d5mm_060ppm,5,5.005,34946.7734375,-2758.0703125
plume_lnk21_Ha274_d5mm_060ppm,10,10.01,60802.4375,-19127.328125
plume_lnk21_Ha274_d5mm_060ppm,15,15.0114,87201.67578125,-87818.47265625
plume_lnk21_Ha274_d5mm_060ppm,20,20.0367,68698.9453125,-66155.2734375
plume_lnk21_Ha274_d5mm_060ppm,25,25.0357,77095.33984375,-74264.47265625
plume_lnk21_Ha274_d5mm_060ppm,30,30.0359,77859.4921875,-75721.921875
plume_lnk21_Ha274_d5mm_060ppm,35,35.0162,76039.6640625,-73847.171875
plume_lnk21_Ha274_d5mm_060ppm,40,40.0046,76202.984375,-73957.7734375
plume_lnk21_Ha274_d5mm_060ppm,45,45.0049,76299.01171875,-74086.69921875
plume_lnk21_Ha274_d5mm_060ppm,50,50.0023,76176.78515625,-73970.37890625
plume_lnk21_Ha274_d5mm_060ppm,55,55.0008,76130.67578125,-73926.62109375
plume_lnk21_Ha274_d5mm_060ppm,60,60.0011,76094.09765625,-73896.19140625
plume_lnk21_Ha274_d5mm_060ppm,65,65.0023,76050.28515625,-73857.11328125
plume_lnk21_Ha274_d5mm_060ppm,70,70.0046,76012.93359375,-73823.67578125
plume_lnk21_Ha274_d5mm_060ppm,75,75.007904,75979.890625,-73794.25
plume_lnk21_Ha274_d5mm_060ppm,80,80.0122,75949.8828125,-73767.375
plume_lnk21_Ha274_d5mm_060ppm,85,85.0172,75923.26953125,-73743.44921875
plume_lnk21_Ha274_d5mm_060ppm,90,90.023,75899.66796875,-73722.15234375
plume_lnk21_Ha274_d5mm_060ppm,95,95.0296,75878.77734375,-73703.21484375
plume_lnk21_Ha274_d5mm_060ppm,100,100.0,75859.44921875,-73686.00390625
slab_lnk15_Ha274_d5mm_060ppm,0,0.0,-927.09375,825.0
slab_lnk15_Ha274_d5mm_060ppm,5,5.02209,-4852.65625,7502.03125
slab_lnk15_Ha274_d5mm_060ppm,10,10.0442,-5262.765625,13256.8046875
slab_lnk15_Ha274_d5mm_060ppm,15,15.0206,-14437.5,24220.4765625
slab_lnk15_Ha274_d5mm_060ppm,20,20.0427,-17531.25,27843.75
slab_lnk15_Ha274_d5mm_060ppm,25,25.0192,-23718.75,34426.5625
slab_lnk15_Ha274_d5mm_060ppm,30,30.0412,-27222.65625,38566.40625
slab_lnk15_Ha274_d5mm_060ppm,35,35.0176,-27228.5,39163.359375
slab_lnk15_Ha274_d5mm_060ppm,40,40.0382,-25781.25,38156.25
slab_lnk15_Ha274_d5mm_060ppm,45,45.0075,-24225.09375,37076.0546875
slab_lnk15_Ha274_d5mm_060ppm,50,50.0176,-23228.234375,36309.921875
slab_lnk15_Ha274_d5mm_060ppm,55,55.0244,-22687.5,35916.1796875
slab_lnk15_Ha274_d5mm_060ppm,60,60.0289,-21656.25,35062.5
slab_lnk15_Ha274_d5mm_060ppm,65,65.0321,-21656.25,35039.65625
slab_lnk15_Ha274_d5mm_060ppm,70,70.0343,-21444.890625,34851.140625
slab_lnk15_Ha274_d5mm_060ppm,75,75.036,-21216.921875,34623.171875
slab_lnk15_Ha274_d5mm_060ppm,80,80.0372,-20625.0,34031.25
slab_lnk15_Ha274_d5mm_060ppm,85,85.03831,-20625.0,34031.25
slab_lnk15_Ha274_d5mm_060ppm,90,90.0392,-20625.0,34031.25
slab_lnk15_Ha274_d5mm_060ppm,95,95.04009,-20625.0,34031.25
slab_lnk15_Ha274_d5mm_060ppm,100,100.0,-20625.0,34031.25
slab_lnk16_Ha274_d5mm_060ppm,0,0.0,-927.09375,825.0
slab_lnk16_Ha274_d5mm_060ppm,5,5.02209,-10601.84375,11961.5078125
slab_lnk16_Ha274_d5mm_060ppm,10,10.0442,-12629.578125,18538.8984375
slab_lnk16_Ha274_d5mm_060ppm,15,15.0206,-27843.75,36639.828125
slab_lnk16_Ha274_d5mm_060ppm,20,20.0427,-38272.890625,47474.2578125
slab_lnk16_Ha274_d5mm_060ppm,25,25.0192,-39606.0,48883.6484375
slab_lnk16_Ha274_d5mm_060ppm,30,30.0412,-39191.234375,48472.484375
slab_lnk16_Ha274_d5mm_060ppm,35,35.0177,-37125.0,46535.109375
slab_lnk16_Ha274_d5mm_060ppm,40,40.0398,-35062.5,44542.3984375
slab_lnk16_Ha274_d5mm_060ppm,45,45.0162,-33372.96875,42876.671875
slab_lnk16_Ha274_d5mm_060ppm,50,50.0383,-31968.75,41468.2578125
slab_lnk16_Ha274_d5mm_060ppm,55,55.0147,-31608.90625,41100.3828125
slab_lnk16_Ha274_d5mm_060ppm,60,60.0368,-30937.5,40427.296875
slab_lnk16_Ha274_d5mm_060ppm,65,65.0133,-30937.5,40428.0
slab_lnk16_Ha274_d5mm_060ppm,70,70.0354,-30937.5,40429.5703125
slab_lnk16_Ha274_d5mm_060ppm,75,75.0118,-30937.5,40431.0078125
slab_lnk16_Ha274_d5mm_060ppm,80,80.033905,-30937.5,40432.0
slab_lnk16_Ha274_d5mm_060ppm,85,85.01031,-30937.5,40432.5234375
slab_lnk16_Ha274_d5mm_060ppm,90,90.0324,-30937.5,40432.7109375
slab_lnk16_Ha274_d5mm_060ppm,95,95.008896,-30937.5,40432.734375
slab_lnk16_Ha274_d5mm_060ppm,100,100.0,-30937.5,40432.9375
slab_lnk17_Ha274_d5mm_060ppm,0,0.0,-927.09375,825.0
slab_lnk17_Ha274_d5mm_060ppm,5,5.02209,-19952.40625,19217.5
slab_lnk17_Ha274_d5mm_060ppm,10,10.0442,-22145.53125,24208.03125
slab_lnk17_Ha274_d5mm_060ppm,15,15.0206,-34043.90625,37630.8984375
slab_lnk17_Ha274_d5mm_060ppm,20,20.0427,-40824.71875,44949.71875
slab_lnk17_Ha274_d5mm_060ppm,25,25.0192,-42565.96875,46690.96875
slab_lnk17_Ha274_d5mm_060ppm,30,30.0412,-42934.28125,47059.28125
slab_lnk17_Ha274_d5mm_060ppm,35,35.0177,-42902.203125,47027.203125
slab_lnk17_Ha274_d5mm_060ppm,40,40.0398,-42499.390625,46624.390625
slab_lnk17_Ha274_d5mm_060ppm,45,45.0162,-41747.03125,45743.59375
slab_lnk17_Ha274_d5mm_060ppm,50,50.0383,-41250.078125,45087.5078125
slab_lnk17_Ha274_d5mm_060ppm,55,55.0147,-40934.984375,44680.4765625
slab_lnk17_Ha274_d5mm_060ppm,60,60.0368,-40734.21875,44427.953125
slab_lnk17_Ha274_d5mm_060ppm,65,65.0133,-40622.375,44289.8203125
slab_lnk17_Ha274_d5mm_060ppm,70,70.0354,-40568.109375,44226.4921875
slab_lnk17_Ha274_d5mm_060ppm,75,75.0118,-40549.546875,44209.3203125
slab_lnk17_Ha274_d5mm_060ppm,80,80.033905,-40549.140625,44214.078125
slab_lnk17_Ha274_d5mm_060ppm,85,85.01031,-40555.75,44225.59375
slab_lnk17_Ha274_d5mm_060ppm,90,90.0324,-40563.46875,44236.8125
slab_lnk17_Ha274_d5mm_060ppm,95,95.008896,-40569.6875,44245.265625
slab_lnk17_Ha274_d5mm_060ppm,100,100.0,-40573.890625,44250.9921875
slab_lnk18_Ha274_D1e06_060ppm,0,0.0,-927.09375,825.0
slab_lnk18_Ha274_D1e06_060ppm,5,5.02209,-27843.75,25285.640625
slab_lnk18_Ha274_D1e06_060ppm,10,10.0442,-29644.109375,28773.359375
slab_lnk18_Ha274_D1e06_060ppm,15,15.0206,-38546.96875,35453.21875
slab_lnk18_Ha274_D1e06_060ppm,20,20.0427,-43904.96875,40811.21875
slab_lnk18_Ha274_D1e06_060ppm,25,25.0192,-45867.203125,43804.703125
slab_lnk18_Ha274_D1e06_060ppm,30,30.0412,-46581.640625,44519.140625
slab_lnk18_Ha274_D1e06_060ppm,35,35.0177,-46997.84375,44935.34375
slab_lnk18_Ha274_D1e06_060ppm,40,40.0398,-47075.5,45013.0
slab_lnk18_Ha274_D1e06_060ppm,45,45.0162,-46959.828125,44897.328125
slab_lnk18_Ha274_D1e06_060ppm,50,50.0383,-46805.140625,44742.640625
slab_lnk18_Ha274_D1e06_060ppm,55,55.0147,-46679.125,44616.625
slab_lnk18_Ha274_D1e06_060ppm,60,60.0368,-46589.921875,44527.421875
slab_lnk18_Ha274_D1e06_060ppm,65,65.0133,-46530.78125,44468.28125
slab_lnk18_Ha274_D1e06_060ppm,70,70.0354,-46491.765625,44429.265625
slab_lnk18_Ha274_D1e06_060ppm,75,75.0118,-46467.765625,44405.265625
slab_lnk18_Ha274_D1e06_060ppm,80,80.033905,-46454.171875,44391.671875
slab_lnk18_Ha274_D1e06_060ppm,85,85.01031,-46447.734375,44385.234375
slab_lnk18_Ha274_D1e06_060ppm,90,90.0324,-46445.0625,44382.5625
slab_lnk18_Ha274_D1e06_060ppm,95,95.008896,-46444.21875,44381.71875
slab_lnk18_Ha274_D1e06_060ppm,100,100.0,-46444.09375,44381.59375
slab_lnk18_Ha274_D1e08_060ppm,0,0.0,-927.09375,825.0
slab_lnk18_Ha274_D1e08_060ppm,5,5.02209,-6219.359375,8531.5078125
slab_lnk18_Ha274_D1e08_060ppm,10,10.0442,-7273.03125,14491.78125
slab_lnk18_Ha274_D1e08_060ppm,15,15.0206,-20625.0,30302.9609375
slab_lnk18_Ha274_D1e08_060ppm,20,20.0427,-28875.0,39187.5
slab_lnk18_Ha274_D1e08_060ppm,25,25.0192,-32966.328125,43278.828125
slab_lnk18_Ha274_D1e08_060ppm,30,30.0412,-33000.0,43993.46875
slab_lnk18_Ha274_D1e08_060ppm,35,35.0177,-31411.109375,42754.859375
slab_lnk18_Ha274_D1e08_060ppm,40,40.0398,-28875.0,40639.7265625
slab_lnk18_Ha274_D1e08_060ppm,45,45.0162,-27556.171875,39596.0703125
slab_lnk18_Ha274_D1e08_060ppm,50,50.0383,-25781.25,37985.8515625
slab_lnk18_Ha274_D1e08_060ppm,55,55.0147,-25540.734375,37836.125
slab_lnk18_Ha274_D1e08_060ppm,60,60.0368,-24750.0,37125.0
slab_lnk18_Ha274_D1e08_060ppm,65,65.0132,-24178.34375,36553.34375
slab_lnk18_Ha274_D1e08_060ppm,70,70.0352,-24025.421875,36400.421875
slab_lnk18_Ha274_D1e08_060ppm,75,75.011505,-23718.75,36093.75
slab_lnk18_Ha274_D1e08_060ppm,80,80.0334,-23718.75,36093.75
slab_lnk18_Ha274_D1e08_060ppm,85,85.0097,-23840.21875,36215.21875
slab_lnk18_Ha274_D1e08_060ppm,90,90.03169,-23819.9375,36194.9375
slab_lnk18_Ha274_D1e08_060ppm,95,95.008,-23808.09375,36183.09375
slab_lnk18_Ha274_D1e08_060ppm,100,100.0,-23800.34375,36175.34375
slab_lnk18_Ha274_D1e10_060ppm,0,0.0,-927.09375,825.0
slab_lnk18_Ha274_D1e10_060ppm,5,5.02209,739.171875,3204.4140625
slab_lnk18_Ha274_D1e10_060ppm,10,10.0113,4125.0,5156.25
slab_lnk18_Ha274_D1e10_060ppm,15,15.0058,3511.7421875,5378.15625
slab_lnk18_Ha274_D1e10_060ppm,20,20.0169,3413.4609375,5754.3359375
slab_lnk18_Ha274_D1e10_060ppm,25,25.0001,4125.0,5435.59375
slab_lnk18_Ha274_D1e10_060ppm,30,30.0038,4463.40625,6880.34375
slab_lnk18_Ha274_D1e10_060ppm,35,35.0017,4751.1484375,7623.8515625
slab_lnk18_Ha274_D1e10_060ppm,40,40.0327,4810.8984375,8595.3515625
slab_lnk18_Ha274_D1e10_060ppm,45,45.0117,4661.1328125,9756.9296875
slab_lnk18_Ha274_D1e10_060ppm,50,50.0227,4342.953125,11125.796875
slab_lnk18_Ha274_D1e10_060ppm,55,55.0273,4125.0,11680.4609375
slab_lnk18_Ha274_D1e10_060ppm,60,60.0284,3862.0234375,12637.9765625
slab_lnk18_Ha274_D1e10_060ppm,65,65.0275,3532.1015625,12967.8984375
slab_lnk18_Ha274_D1e10_060ppm,70,70.0252,2980.59375,13984.9375
slab_lnk18_Ha274_D1e10_060ppm,75,75.0217,2887.59375,14251.578125
slab_lnk18_Ha274_D1e10_060ppm,80,80.0176,3093.75,14437.5
slab_lnk18_Ha274_D1e10_060ppm,85,85.01311,3093.75,14437.5
slab_lnk18_Ha274_D1e10_060ppm,90,90.0084,3093.75,14285.65625
slab_lnk18_Ha274_D1e10_060ppm,95,95.0034,3093.75,14314.0390625
slab_lnk18_Ha274_D1e10_060ppm,100,100.0,3093.75,14337.3359375
slab_lnk18_Ha274_D1e12_060ppm,0,0.0,-927.09375,825.0
slab_lnk18_Ha274_D1e12_060ppm,5,5.02209,2720.7265625,3466.7734375
slab_lnk18_Ha274_D1e12_060ppm,10,10.0104,7218.75,2062.5
slab_lnk18_Ha274_D1e12_060ppm,15,15.0106,6164.84375,1704.9765625
slab_lnk18_Ha274_D1e12_060ppm,20,20.0279,6187.5,1825.2109375
slab_lnk18_Ha274_D1e12_060ppm,25,25.035,7218.75,2062.5
slab_lnk18_Ha274_D1e12_060ppm,30,30.0022,8250.0,2062.5
slab_lnk18_Ha274_D1e12_060ppm,35,35.0051,9281.25,2062.5
slab_lnk18_Ha274_D1e12_060ppm,40,40.0036,10312.5,2062.5
slab_lnk18_Ha274_D1e12_060ppm,45,45.0346,11242.671875,2880.421875
slab_lnk18_Ha274_D1e12_060ppm,50,50.0239,12180.4453125,2257.0546875
slab_lnk18_Ha274_D1e12_060ppm,55,55.0109,12759.453125,3252.8515625
slab_lnk18_Ha274_D1e12_060ppm,60,60.0343,13373.203125,2896.4140625
slab_lnk18_Ha274_D1e12_060ppm,65,65.0199,13652.8125,2820.5859375
slab_lnk18_Ha274_D1e12_060ppm,70,70.0054,13911.640625,3619.609375
slab_lnk18_Ha274_D1e12_060ppm,75,75.028,14437.5,3093.75
slab_lnk18_Ha274_D1e12_060ppm,80,80.01289,14437.5,3781.3515625
slab_lnk18_Ha274_D1e12_060ppm,85,85.0356,14437.5,3798.4609375
slab_lnk18_Ha274_D1e12_060ppm,90,90.02129,14437.5,4125.0
slab_lnk18_Ha274_D1e12_060ppm,95,95.0068,14437.5,4125.0
slab_lnk18_Ha274_D1e12_060ppm,100,100.0,14437.5,4125.0
slab_lnk18_Ha274_d1cm_060ppm,0,0.0,-927.09375,825.0
slab_lnk18_Ha274_d1cm_060ppm,5,5.02209,-32461.203125,24858.875
slab_lnk18_Ha274_d1cm_060ppm,10,10.0442,-50025.65625,42085.296875
slab_lnk18_Ha274_d1cm_060ppm,15,15.0206,-51747.046875,33184.546875
slab_lnk18_Ha274_d1cm_060ppm,20,20.0427,-54656.25,29906.25
slab_lnk18_Ha274_d1cm_060ppm,25,25.0192,-56849.8125,32099.8125
slab_lnk18_Ha274_d1cm_060ppm,30,30.0412,-58594.234375,33844.234375
slab_lnk18_Ha274_d1cm_060ppm,35,35.0177,-59483.046875,35764.296875
slab_lnk18_Ha274_d1cm_060ppm,40,40.0398,-59985.859375,36267.109375
slab_lnk18_Ha274_d1cm_060ppm,45,45.0162,-60354.578125,36635.828125
slab_lnk18_Ha274_d1cm_060ppm,50,50.0383,-60563.421875,36844.671875
slab_lnk18_Ha274_d1cm_060ppm,55,55.0147,-60692.03125,36973.28125
slab_lnk18_Ha274_d1cm_060ppm,60,60.0368,-60866.3125,37147.5625
slab_lnk18_Ha274_d1cm_060ppm,65,65.0133,-60934.390625,37215.640625
slab_lnk18_Ha274_d1cm_060ppm,70,70.0354,-60977.09375,37258.34375
slab_lnk18_Ha274_d1cm_060ppm,75,75.0118,-61001.203125,37282.453125
slab_lnk18_Ha274_d1cm_060ppm,80,80.033905,-61014.09375,37295.34375
slab_lnk18_Ha274_d1cm_060ppm,85,85.01031,-61020.578125,37301.828125
slab_lnk18_Ha274_d1cm_060ppm,90,90.0324,-61024.03125,37305.28125
slab_lnk18_Ha274_d1cm_060ppm,95,95.008896,-61026.0625,37307.3125
slab_lnk18_Ha274_d1cm_060ppm,100,100.0,-61027.359375,37308.609375
slab_lnk18_Ha274_d1mm_060ppm,0,0.0,-927.09375,825.0
slab_lnk18_Ha274_d1mm_060ppm,5,5.02209,-13748.71875,14410.046875
slab_lnk18_Ha274_d1mm_060ppm,10,10.0442,-16044.8125,20543.1640625
slab_lnk18_Ha274_d1mm_060ppm,15,15.0206,-30346.921875,37679.5390625
slab_lnk18_Ha274_d1mm_060ppm,20,20.0427,-39187.5,46968.5
slab_lnk18_Ha274_d1mm_060ppm,25,25.0192,-40826.8125,48667.0703125
slab_lnk18_Ha274_d1mm_060ppm,30,30.0412,-40798.53125,48633.28125
slab_lnk18_Ha274_d1mm_060ppm,35,35.0177,-39610.640625,47382.1796875
slab_lnk18_Ha274_d1mm_060ppm,40,40.0398,-38156.25,45831.28125
slab_lnk18_Ha274_d1mm_060ppm,45,45.0162,-36833.328125,44400.0625
slab_lnk18_Ha274_d1mm_060ppm,50,50.0383,-35735.15625,43214.2265625
slab_lnk18_Ha274_d1mm_060ppm,55,55.0147,-35062.5,42491.9140625
slab_lnk18_Ha274_d1mm_060ppm,60,60.0368,-34809.734375,42217.390625
slab_lnk18_Ha274_d1mm_060ppm,65,65.0133,-34661.875,42063.703125
slab_lnk18_Ha274_d1mm_060ppm,70,70.0354,-34616.390625,42019.75
slab_lnk18_Ha274_d1mm_060ppm,75,75.0118,-34620.453125,42027.8125
slab_lnk18_Ha274_d1mm_060ppm,80,80.033905,-34641.28125,42052.59375
slab_lnk18_Ha274_d1mm_060ppm,85,85.01031,-34662.3125,42076.3515625
slab_lnk18_Ha274_d1mm_060ppm,90,90.0324,-34677.65625,42093.2734375
slab_lnk18_Ha274_d1mm_060ppm,95,95.008896,-34686.515625,42102.84375
slab_lnk18_Ha274_d1mm_060ppm,100,100.0,-34690.4375,42107.140625
slab_lnk18_Ha274_d5mm_060ppm,0,0.0,-927.09375,825.0
slab_lnk18_Ha274_d5mm_060ppm,5,5.02209,-31549.125,27432.203125
slab_lnk18_Ha274_d5mm_060ppm,10,10.0442,-36027.875,32786.109375
slab_lnk18_Ha274_d5mm_060ppm,15,15.0206,-42410.40625,34160.40625
slab_lnk18_Ha274_d5mm_060ppm,20,20.0427,-47035.796875,36723.296875
slab_lnk18_Ha274_d5mm_060ppm,25,25.0192,-49152.78125,38996.515625
slab_lnk18_Ha274_d5mm_060ppm,30,30.0412,-50180.203125,41930.203125
slab_lnk18_Ha274_d5mm_060ppm,35,35.0177,-50742.359375,42418.703125
slab_lnk18_Ha274_d5mm_060ppm,40,40.0398,-51044.71875,43825.96875
slab_lnk18_Ha274_d5mm_060ppm,45,45.0162,-51138.78125,42888.78125
slab_lnk18_Ha274_d5mm_060ppm,50,50.0383,-51153.859375,42903.859375
slab_lnk18_Ha274_d5mm_060ppm,55,55.0147,-51151.40625,42901.40625
slab_lnk18_Ha274_d5mm_060ppm,60,60.0368,-51145.015625,42895.015625
slab_lnk18_Ha274_d5mm_060ppm,65,65.0133,-51136.125,42886.125
slab_lnk18_Ha274_d5mm_060ppm,70,70.0354,-51125.8125,42875.8125
slab_lnk18_Ha274_d5mm_060ppm,75,75.0118,-51116.109375,42866.109375
slab_lnk18_Ha274_d5mm_060ppm,80,80.033905,-51108.390625,42858.390625
slab_lnk18_Ha274_d5mm_060ppm,85,85.01031,-51103.359375,42853.359375
slab_lnk18_Ha274_d5mm_060ppm,90,90.0324,-51100.234375,42850.234375
slab_lnk18_Ha274_d5mm_060ppm,95,95.008896,-51098.359375,42848.359375
slab_lnk18_Ha274_d5mm_060ppm,100,100.0,-51097.140625,42847.140625
slab_lnk18_Ha274_d5mm_080ppm,0,0.0,-927.09375,825.0
slab_lnk18_Ha274_d5mm_080ppm,5,5.02209,-20899.734375,19940.796875
slab_lnk18_Ha274_d5mm_080ppm,10,10.0442,-23036.21875,24785.9296875
slab_lnk18_Ha274_d5mm_080ppm,15,15.0206,-34587.953125,37286.6875
slab_lnk18_Ha274_d5mm_080ppm,20,20.0427,-41112.78125,44123.5390625
slab_lnk18_Ha274_d5mm_080ppm,25,25.0192,-42845.890625,46584.953125
slab_lnk18_Ha274_d5mm_080ppm,30,30.0412,-43327.296875,47176.703125
slab_lnk18_Ha274_d5mm_080ppm,35,35.0177,-43312.5,46997.390625
slab_lnk18_Ha274_d5mm_080ppm,40,40.0398,-42957.296875,46010.421875
slab_lnk18_Ha274_d5mm_080ppm,45,45.0162,-42507.1875,45404.046875
slab_lnk18_Ha274_d5mm_080ppm,50,50.0383,-41906.515625,45000.265625
slab_lnk18_Ha274_d5mm_080ppm,55,55.0147,-41608.625,44702.375
slab_lnk18_Ha274_d5mm_080ppm,60,60.0368,-41415.390625,44509.140625
slab_lnk18_Ha274_d5mm_080ppm,65,65.0133,-41250.0,44343.75
slab_lnk18_Ha274_d5mm_080ppm,70,70.0354,-41250.0,44343.75
slab_lnk18_Ha274_d5mm_080ppm,75,75.0118,-41250.0,44343.75
slab_lnk18_Ha274_d5mm_080ppm,80,80.033905,-41250.0,44343.75
slab_lnk18_Ha274_d5mm_080ppm,85,85.01031,-41250.0,44343.75
slab_lnk18_Ha274_d5mm_080ppm,90,90.0324,-41250.0,44343.75
slab_lnk18_Ha274_d5mm_080ppm,95,95.008896,-41250.0,44343.75
slab_lnk18_Ha274_d5mm_080ppm,100,100.0,-41250.0,44343.75
slab_lnk18_Ha274_d5mm_100ppm,0,0.0,-927.09375,825.0
slab_lnk18_Ha274_d5mm_100ppm,5,5.02209,-13517.0,14226.03125
slab_lnk18_Ha274_d5mm_100ppm,10,10.0442,-15814.46875,20398.921875
slab_lnk18_Ha274_d5mm_100ppm,15,15.0206,-30224.15625,37676.421875
slab_lnk18_Ha274_d5mm_100ppm,20,20.0427,-39187.5,47078.40625
slab_lnk18_Ha274_d5mm_100ppm,25,25.0192,-40781.703125,48728.8984375
slab_lnk18_Ha274_d5mm_100ppm,30,30.0412,-40732.765625,48676.875
slab_lnk18_Ha274_d5mm_100ppm,35,35.0177,-39500.21875,47384.3515625
slab_lnk18_Ha274_d5mm_100ppm,40,40.0398,-38156.25,45948.2734375
slab_lnk18_Ha274_d5mm_100ppm,45,45.0162,-36623.546875,44309.703125
slab_lnk18_Ha274_d5mm_100ppm,50,50.0383,-35579.09375,43178.8671875
slab_lnk18_Ha274_d5mm_100ppm,55,55.0147,-35062.5,42614.0234375
slab_lnk18_Ha274_d5mm_100ppm,60,60.0368,-34571.640625,42101.796875
slab_lnk18_Ha274_d5mm_100ppm,65,65.0133,-34419.109375,41943.6171875
slab_lnk18_Ha274_d5mm_100ppm,70,70.0354,-34372.453125,41898.515625
slab_lnk18_Ha274_d5mm_100ppm,75,75.0118,-34376.671875,41906.671875
slab_lnk18_Ha274_d5mm_100ppm,80,80.033905,-34398.015625,41931.8125
slab_lnk18_Ha274_d5mm_100ppm,85,85.01031,-34419.328125,41955.7734375
slab_lnk18_Ha274_d5mm_100ppm,90,90.0324,-34434.71875,41972.671875
slab_lnk18_Ha274_d5mm_100ppm,95,95.008896,-34443.5,41982.109375
slab_lnk18_Ha274_d5mm_100ppm,100,100.0,-34447.25,41986.2109375
slab_lnk18_Ha274_d5mm_120ppm,0,0.0,-927.09375,825.0
slab_lnk18_Ha274_d5mm_120ppm,5,5.02209,-9090.46875,10782.3671875
slab_lnk18_Ha274_d5mm_120ppm,10,10.0442,-10785.5,16973.0
slab_lnk18_Ha274_d5mm_120ppm,15,15.0206,-26812.5,36093.75
slab_lnk18_Ha274_d5mm_120ppm,20,20.0427,-37238.484375,46713.7734375
slab_lnk18_Ha274_d5mm_120ppm,25,25.0192,-38647.03125,48274.84375
slab_lnk18_Ha274_d5mm_120ppm,30,30.0412,-38236.578125,48112.9765625
slab_lnk18_Ha274_d5mm_120ppm,35,35.0177,-36093.75,46201.7421875
slab_lnk18_Ha274_d5mm_120ppm,40,40.0398,-33363.75,43676.25
slab_lnk18_Ha274_d5mm_120ppm,45,45.0162,-31687.75,42070.4921875
slab_lnk18_Ha274_d5mm_120ppm,50,50.0383,-30474.828125,40882.3203125
slab_lnk18_Ha274_d5mm_120ppm,55,55.0147,-29618.953125,40032.578125
slab_lnk18_Ha274_d5mm_120ppm,60,60.0368,-28875.0,39295.328125
slab_lnk18_Ha274_d5mm_120ppm,65,65.0133,-28875.0,39299.109375
slab_lnk18_Ha274_d5mm_120ppm,70,70.0354,-28875.0,39301.375
slab_lnk18_Ha274_d5mm_120ppm,75,75.0118,-28875.0,39302.5859375
slab_lnk18_Ha274_d5mm_120ppm,80,80.033905,-28993.453125,39421.609375
slab_lnk18_Ha274_d5mm_120ppm,85,85.01031,-28985.84375,39414.2421875
slab_lnk18_Ha274_d5mm_120ppm,90,90.0324,-28981.6875,39410.15625
slab_lnk18_Ha274_d5mm_120ppm,95,95.008896,-28979.046875,39407.5234375
slab_lnk18_Ha274_d5mm_120ppm,100,100.0,-28976.828125,39405.5859375
slab_lnk18_Ha274_d5mm_140ppm,0,0.0,-927.09375,825.0
slab_lnk18_Ha274_d5mm_140ppm,5,5.02209,-6187.5,8510.328125
slab_lnk18_Ha274_d5mm_140ppm,10,10.0442,-7218.75,14437.5
slab_lnk18_Ha274_d5mm_140ppm,15,15.0206,-20625.0,30307.5859375
slab_lnk18_Ha274_d5mm_140ppm,20,20.0427,-28875.0,39187.5
slab_lnk18_Ha274_d5mm_140ppm,25,25.0192,-31968.75,42281.25
slab_lnk18_Ha274_d5mm_140ppm,30,30.0412,-32877.0625,43883.34375
slab_lnk18_Ha274_d5mm_140ppm,35,35.0177,-30937.5,42281.25
slab_lnk18_Ha274_d5mm_140ppm,40,40.0398,-28875.0,40663.453125
slab_lnk18_Ha274_d5mm_140ppm,45,45.0162,-27440.9375,39506.7890625
slab_lnk18_Ha274_d5mm_140ppm,50,50.0383,-25781.25,38013.5078125
slab_lnk18_Ha274_d5mm_140ppm,55,55.0147,-24750.0,37125.0
slab_lnk18_Ha274_d5mm_140ppm,60,60.0368,-24925.0625,37300.0625
slab_lnk18_Ha274_d5mm_140ppm,65,65.0131,-24118.828125,36493.828125
slab_lnk18_Ha274_d5mm_140ppm,70,70.0351,-23718.75,36093.75
slab_lnk18_Ha274_d5mm_140ppm,75,75.0114,-23718.75,36155.328125
slab_lnk18_Ha274_d5mm_140ppm,80,80.033295,-23809.6875,36253.0546875
slab_lnk18_Ha274_d5mm_140ppm,85,85.0096,-23775.015625,36222.3046875
slab_lnk18_Ha274_d5mm_140ppm,90,90.0315,-23754.25,36203.859375
slab_lnk18_Ha274_d5mm_140ppm,95,95.0078,-23742.140625,36193.109375
slab_lnk18_Ha274_d5mm_140ppm,100,100.0,-23734.1875,36186.421875
slab_lnk18_Ha300_d5mm_060ppm,0,0.0,-927.09375,825.0
slab_lnk18_Ha300_d5mm_060ppm,5,5.02209,-32827.78125,16627.84375
slab_lnk18_Ha300_d5mm_060ppm,10,10.0442,-55589.734375,38058.484375
slab_lnk18_Ha300_d5mm_060ppm,15,15.0206,-70196.34375,38858.484375
slab_lnk18_Ha300_d5mm_060ppm,20,20.0427,-74250.0,31630.390625
slab_lnk18_Ha300_d5mm_060ppm,25,25.0192,-74457.875,28294.265625
slab_lnk18_Ha300_d5mm_060ppm,30,30.0396,-76034.4375,28443.984375
slab_lnk18_Ha300_d5mm_060ppm,35,35.0438,-77751.6875,28792.125
slab_lnk18_Ha300_d5mm_060ppm,40,40.0208,-78968.453125,28906.78125
slab_lnk18_Ha300_d5mm_060ppm,45,45.0372,-79548.359375,28817.609375
slab_lnk18_Ha300_d5mm_060ppm,50,50.0226,-80087.734375,28975.1875
slab_lnk18_Ha300_d5mm_060ppm,55,55.0335,-80437.5,29107.890625
slab_lnk18_Ha300_d5mm_060ppm,60,60.0341,-80813.03125,29361.6875
slab_lnk18_Ha300_d5mm_060ppm,65,65.0286,-80960.640625,29433.796875
slab_lnk18_Ha300_d5mm_060ppm,70,70.0188,-81063.171875,29500.671875
slab_lnk18_Ha300_d5mm_060ppm,75,75.0057,-81138.875,29522.203125
slab_lnk18_Ha300_d5mm_060ppm,80,80.0332,-81195.875,29546.90625
slab_lnk18_Ha300_d5mm_060ppm,85,85.01511,-81237.265625,29562.59375
slab_lnk18_Ha300_d5mm_060ppm,90,90.0386,-81266.234375,29572.96875
slab_lnk18_Ha300_d5mm_060ppm,95,95.01769,-81285.46875,29580.203125
slab_lnk18_Ha300_d5mm_060ppm,100,100.0,-81298.375,29585.640625
slab_lnk19_Ha274_d5mm_060ppm,0,0.0,-927.09375,825.0
slab_lnk19_Ha274_d5mm_060ppm,5,5.02209,-32630.9375,23053.515625
slab_lnk19_Ha274_d5mm_060ppm,10,10.0442,-54825.203125,44512.703125
slab_lnk19_Ha274_d5mm_060ppm,15,15.0206,-57535.3125,35699.40625
slab_lnk19_Ha274_d5mm_060ppm,20,20.0427,-59084.984375,29380.65625
slab_lnk19_Ha274_d5mm_060ppm,25,25.0192,-61199.046875,30680.75
slab_lnk19_Ha274_d5mm_060ppm,30,30.0412,-63128.953125,32191.453125
slab_lnk19_Ha274_d5mm_060ppm,35,35.0177,-64207.4375,33269.9375
slab_lnk19_Ha274_d5mm_060ppm,40,40.0398,-64896.78125,33959.28125
slab_lnk19_Ha274_d5mm_060ppm,45,45.0162,-65402.703125,34465.203125
slab_lnk19_Ha274_d5mm_060ppm,50,50.0383,-65716.328125,34778.828125
slab_lnk19_Ha274_d5mm_060ppm,55,55.0147,-65905.609375,34968.109375
slab_lnk19_Ha274_d5mm_060ppm,60,60.0368,-66000.0,35062.5
slab_lnk19_Ha274_d5mm_060ppm,65,65.0133,-66080.0625,35142.5625
slab_lnk19_Ha274_d5mm_060ppm,70,70.0354,-66150.484375,35212.984375
slab_lnk19_Ha274_d5mm_060ppm,75,75.0118,-66195.609375,35258.109375
slab_lnk19_Ha274_d5mm_060ppm,80,80.033905,-66223.09375,35285.59375
slab_lnk19_Ha274_d5mm_060ppm,85,85.01031,-66238.953125,35301.453125
slab_lnk19_Ha274_d5mm_060ppm,90,90.0324,-66248.140625,35310.640625
slab_lnk19_Ha274_d5mm_060ppm,95,95.008896,-66253.59375,35316.09375
slab_lnk19_Ha274_d5mm_060ppm,100,100.0,-66257.09375,35319.59375
slab_lnk20_Ha274_d5mm_060ppm,0,0.0,-927.09375,825.0
slab_lnk20_Ha274_d5mm_060ppm,5,5.02209,-32855.328125,3980.328125
slab_lnk20_Ha274_d5mm_060ppm,10,10.0442,-55687.5,36093.75
slab_lnk20_Ha274_d5mm_060ppm,15,15.0206,-70826.84375,37826.84375
slab_lnk20_Ha274_d5mm_060ppm,20,20.0427,-78012.125,33537.765625
slab_lnk20_Ha274_d5mm_060ppm,25,25.0147,-80209.5,31810.65625
slab_lnk20_Ha274_d5mm_060ppm,30,30.0357,-81238.265625,31412.484375
slab_lnk20_Ha274_d5mm_060ppm,35,35.0089,-82667.0,31495.515625
slab_lnk20_Ha274_d5mm_060ppm,40,40.0034,-83792.21875,31534.65625
slab_lnk20_Ha274_d5mm_060ppm,45,45.0385,-84562.5,31601.828125
slab_lnk20_Ha274_d5mm_060ppm,50,50.001,-85211.640625,31839.546875
slab_lnk20_Ha274_d5mm_060ppm,55,55.031,-85628.65625,32013.578125
slab_lnk20_Ha274_d5mm_060ppm,60,60.0079,-85890.453125,32177.734375
slab_lnk20_Ha274_d5mm_060ppm,65,65.0209,-86058.875,32277.875
slab_lnk20_Ha274_d5mm_060ppm,70,70.02991,-86171.15625,32344.625
slab_lnk20_Ha274_d5mm_060ppm,75,75.036,-86250.234375,32388.953125
slab_lnk20_Ha274_d5mm_060ppm,80,80.039696,-86308.0,32417.796875
slab_lnk20_Ha274_d5mm_060ppm,85,85.0416,-86350.03125,32436.28125
slab_lnk20_Ha274_d5mm_060ppm,90,90.0421,-86379.828125,32448.359375
slab_lnk20_Ha274_d5mm_060ppm,95,95.0416,-86400.5625,32456.59375
slab_lnk20_Ha274_d5mm_060ppm,100,100.0,-86414.5625,32462.46875
slab_lnk21_Ha274_d5mm_060ppm,0,0.0,-927.09375,825.0
slab_lnk21_Ha274_d5mm_060ppm,5,5.02209,-32919.203125,6092.03125
slab_lnk21_Ha274_d5mm_060ppm,10,10.0442,-55700.296875,22465.6875
slab_lnk21_Ha274_d5mm_060ppm,15,15.0106,-71823.28125,28128.484375
slab_lnk21_Ha274_d5mm_060ppm,20,20.017,-81646.953125,24949.921875
slab_lnk21_Ha274_d5mm_060ppm,25,25.0029,-88105.59375,24884.359375
slab_lnk21_Ha274_d5mm_060ppm,30,30.0032,-93319.640625,27319.640625
slab_lnk21_Ha274_d5mm_060ppm,35,35.022,-97968.75,30542.203125
slab_lnk21_Ha274_d5mm_060ppm,40,40.0103,-101811.8125,32925.9375
slab_lnk21_Ha274_d5mm_060ppm,45,45.0257,-104531.390625,34406.390625
slab_lnk21_Ha274_d5mm_060ppm,50,50.0074,-106338.515625,35424.859375
slab_lnk21_Ha274_d5mm_060ppm,55,55.0036,-107586.78125,36195.84375
slab_lnk21_Ha274_d5mm_060ppm,60,60.0221,-108281.25,36533.546875
slab_lnk21_Ha274_d5mm_060ppm,65,65.0307,-108638.296875,36658.34375
slab_lnk21_Ha274_d5mm_060ppm,70,70.033295,-109367.046875,37179.546875
slab_lnk21_Ha274_d5mm_060ppm,75,75.0318,-109312.5,37125.0
slab_lnk21_Ha274_d5mm_060ppm,80,80.0278,-109673.359375,37485.859375
slab_lnk21_Ha274_d5mm_060ppm,85,85.021904,-109731.640625,37523.90625
slab_lnk21_Ha274_d5mm_060ppm,90,90.0147,-109770.703125,37539.09375
slab_lnk21_Ha274_d5mm_060ppm,95,95.0066,-109798.09375,37548.59375
slab_lnk21_Ha274_d5mm_060ppm,100,100.0,-109817.75,37554.5
